target_id,nearest_train_target_id,nearest_train_sequence_identity,split
ABL1(T315I),ABL1,1.0,both_new
AMPK-alpha1,AMPK-alpha2,0.7469026548672566,both_new
ANKK1,RIPK4,0.3468354430379747,both_new
ASK1,MAP3K15,0.5685425685425686,both_new
BMPR1B,BMPR1A,0.6885553470919324,both_new
BRAF(V600E),BRAF,1.0,both_new
BRSK1,BRSK2,0.6887254901960784,both_new
CAMK1G,CAMK1,0.502092050209205,both_new
CAMK2G,CAMK2D,0.7288428324697754,both_new
CDC2L1,CDC2L2,0.8671586715867159,both_new
CDC2L5,CDK9,0.2959641255605381,both_new
CDK4-cyclinD3,CDK4-cyclinD1,1.0,both_new
CSF1R,KIT,0.4017946161515454,both_new
CSNK1A1L,CSNK1A1,0.9050445103857568,both_new
CSNK1G1,CSNK1G3,0.7694013303769401,both_new
DAPK1,DAPK3,0.2076923076923077,both_new
DDR2,DDR1,0.5223555070883316,both_new
DRAK2,DRAK1,0.4879227053140096,both_new
EGFR(E746A750del),EGFR,1.0,both_new
ERK3,ERK4,0.4593103448275862,both_new
ERK8,ERK4,0.2878787878787879,both_new
ERN1,DCAMKL1,0.199796126401631,both_new
FLT1,VEGFR2,0.438953488372093,both_new
FLT4,VEGFR2,0.4267148014440433,both_new
HIPK3,HIPK2,0.4980268350434096,both_new
HUNK,BRSK2,0.2576142131979695,both_new
ICK,MAK,0.555205047318612,both_new
IGF1R,INSRR,0.5367807720320467,both_new
INSR,INSRR,0.51010101010101,both_new
ITK,TEC,0.5813586097946287,both_new
JAK3(JH1domain-catalytic),JAK2(JH1domain-catalytic),0.4783362218370884,both_new
LATS2,LATS1,0.5115483319076134,both_new
LRRK2,LRRK2(G2019S),1.0,both_new
LYN,HCK,0.6237113402061856,both_new
MARK2,MARK1,0.671990171990172,both_new
MET(M1250T),MET,1.0,both_new
MLK1,CDK3,0.1931216931216931,both_new
MRCKB,MRCKA,0.6102857142857143,both_new
MST2,MST1,0.7737373737373737,both_new
MYO3A,MYO3B,0.4901477832512315,both_new
NDR2,NDR1,0.867237687366167,both_new
NEK1,NEK9,0.2087155963302752,both_new
NEK5,NEK3,0.2980225988700565,both_new
NLK,p38-alpha,0.3011363636363636,both_new
OSR1,STK39,0.680628272251309,both_new
PAK7,PAK4,0.5319444444444444,both_new
PIK3CA(E545A),PIK3CA(C420R),1.0,both_new
PIK3CA(H1047L),PIK3CA(C420R),1.0,both_new
PIK3CA(I800L),PIK3CA(C420R),1.0,both_new
PKAC-alpha,PKAC-beta,0.9287749287749288,both_new
PRKCD,AKT3,0.2731277533039647,both_new
PRKCH,AKT2,0.2911208151382823,both_new
PRKCI,AKT2,0.3221476510067114,both_new
PRKCQ,AKT3,0.2780898876404494,both_new
RET(M918T),RET,1.0,both_new
RIOK3,NEK11,0.1873065015479876,both_new
RPS6KA5(KinDom.1-N-terminal),RSK4(KinDom.2-C-terminal),0.4016887816646562,both_new
SRPK2,SRPK1,0.5797101449275363,both_new
STK35,WEE1,0.2140672782874617,both_new
SgK110,SBK1,0.312206572769953,both_new
TGFBR2,ACVR2B,0.3078260869565217,both_new
TYK2(JH2domain-pseudokinase),JAK1(JH1domain-catalytic),0.4444444444444444,both_new
YANK1,YANK2,0.6690821256038647,both_new
YANK3,YANK2,0.5555555555555556,both_new
p38-gamma,p38-delta,0.6440217391304348,both_new
AAK1,AAK1,1.0,cold_ligand
ABL1,ABL1,1.0,cold_ligand
ABL1(E255K),ABL1,1.0,cold_ligand
ABL1(F317I),ABL1,1.0,cold_ligand
ABL1(F317I)p,ABL1,1.0,cold_ligand
ABL1(F317L),ABL1,1.0,cold_ligand
ABL1(F317L)p,ABL1,1.0,cold_ligand
ABL1(H396P),ABL1,1.0,cold_ligand
ABL1(H396P)p,ABL1,1.0,cold_ligand
ABL1(M351T),ABL1,1.0,cold_ligand
ABL1(Q252H),ABL1,1.0,cold_ligand
ABL1(Q252H)p,ABL1,1.0,cold_ligand
ABL1(T315I),ABL1,1.0,cold_ligand
ABL1(T315I)p,ABL1,1.0,cold_ligand
ABL1(Y253F),ABL1,1.0,cold_ligand
ABL1p,ABL1,1.0,cold_ligand
ABL2,ABL2,1.0,cold_ligand
ACVR1,ACVR1,1.0,cold_ligand
ACVR1B,ACVR1B,1.0,cold_ligand
ACVR2A,ACVR2A,1.0,cold_ligand
ACVR2B,ACVR2B,1.0,cold_ligand
ACVRL1,ACVRL1,1.0,cold_ligand
ADCK3,ADCK3,1.0,cold_ligand
ADCK4,ADCK4,1.0,cold_ligand
AKT1,AKT1,1.0,cold_ligand
AKT2,AKT2,1.0,cold_ligand
AKT3,AKT3,1.0,cold_ligand
ALK,ALK,1.0,cold_ligand
AMPK-alpha1,AMPK-alpha1,1.0,cold_ligand
AMPK-alpha2,AMPK-alpha2,1.0,cold_ligand
ANKK1,ANKK1,1.0,cold_ligand
ARK5,ARK5,1.0,cold_ligand
ASK1,ASK1,1.0,cold_ligand
ASK2,ASK2,1.0,cold_ligand
AURKA,AURKA,1.0,cold_ligand
AURKB,AURKB,1.0,cold_ligand
AURKC,AURKC,1.0,cold_ligand
AXL,AXL,1.0,cold_ligand
BIKE,BIKE,1.0,cold_ligand
BLK,BLK,1.0,cold_ligand
BMPR1A,BMPR1A,1.0,cold_ligand
BMPR1B,BMPR1B,1.0,cold_ligand
BMPR2,BMPR2,1.0,cold_ligand
BMX,BMX,1.0,cold_ligand
BRAF,BRAF,1.0,cold_ligand
BRAF(V600E),BRAF,1.0,cold_ligand
BRK,BRK,1.0,cold_ligand
BRSK1,BRSK1,1.0,cold_ligand
BRSK2,BRSK2,1.0,cold_ligand
BTK,BTK,1.0,cold_ligand
CAMK1,CAMK1,1.0,cold_ligand
CAMK1D,CAMK1D,1.0,cold_ligand
CAMK1G,CAMK1G,1.0,cold_ligand
CAMK2A,CAMK2A,1.0,cold_ligand
CAMK2B,CAMK2B,1.0,cold_ligand
CAMK2D,CAMK2D,1.0,cold_ligand
CAMK2G,CAMK2G,1.0,cold_ligand
CAMK4,CAMK4,1.0,cold_ligand
CAMKK1,CAMKK1,1.0,cold_ligand
CAMKK2,CAMKK2,1.0,cold_ligand
CASK,CASK,1.0,cold_ligand
CDC2L1,CDC2L1,1.0,cold_ligand
CDC2L2,CDC2L2,1.0,cold_ligand
CDC2L5,CDC2L5,1.0,cold_ligand
CDK11,CDK11,1.0,cold_ligand
CDK2,CDK2,1.0,cold_ligand
CDK3,CDK3,1.0,cold_ligand
CDK4-cyclinD1,CDK4-cyclinD1,1.0,cold_ligand
CDK4-cyclinD3,CDK4-cyclinD1,1.0,cold_ligand
CDK5,CDK5,1.0,cold_ligand
CDK7,CDK7,1.0,cold_ligand
CDK8,CDK8,1.0,cold_ligand
CDK9,CDK9,1.0,cold_ligand
CDKL1,CDKL1,1.0,cold_ligand
CDKL2,CDKL2,1.0,cold_ligand
CDKL3,CDKL3,1.0,cold_ligand
CDKL5,CDKL5,1.0,cold_ligand
CHEK1,CHEK1,1.0,cold_ligand
CHEK2,CHEK2,1.0,cold_ligand
CIT,CIT,1.0,cold_ligand
CLK1,CLK1,1.0,cold_ligand
CLK2,CLK2,1.0,cold_ligand
CLK3,CLK3,1.0,cold_ligand
CLK4,CLK4,1.0,cold_ligand
CSF1R,CSF1R,1.0,cold_ligand
CSK,CSK,1.0,cold_ligand
CSNK1A1,CSNK1A1,1.0,cold_ligand
CSNK1A1L,CSNK1A1L,1.0,cold_ligand
CSNK1D,CSNK1D,1.0,cold_ligand
CSNK1E,CSNK1E,1.0,cold_ligand
CSNK1G1,CSNK1G1,1.0,cold_ligand
CSNK1G2,CSNK1G2,1.0,cold_ligand
CSNK1G3,CSNK1G3,1.0,cold_ligand
CSNK2A1,CSNK2A1,1.0,cold_ligand
CSNK2A2,CSNK2A2,1.0,cold_ligand
CTK,CTK,1.0,cold_ligand
DAPK1,DAPK1,1.0,cold_ligand
DAPK2,DAPK2,1.0,cold_ligand
DAPK3,DAPK3,1.0,cold_ligand
DCAMKL1,DCAMKL1,1.0,cold_ligand
DCAMKL2,DCAMKL2,1.0,cold_ligand
DCAMKL3,DCAMKL3,1.0,cold_ligand
DDR1,DDR1,1.0,cold_ligand
DDR2,DDR2,1.0,cold_ligand
DLK,DLK,1.0,cold_ligand
DMPK,DMPK,1.0,cold_ligand
DMPK2,DMPK2,1.0,cold_ligand
DRAK1,DRAK1,1.0,cold_ligand
DRAK2,DRAK2,1.0,cold_ligand
DYRK1A,DYRK1A,1.0,cold_ligand
DYRK1B,DYRK1B,1.0,cold_ligand
DYRK2,DYRK2,1.0,cold_ligand
EGFR,EGFR,1.0,cold_ligand
EGFR(E746A750del),EGFR,1.0,cold_ligand
EGFR(G719C),EGFR,1.0,cold_ligand
EGFR(G719S),EGFR,1.0,cold_ligand
EGFR(L747E749del),EGFR,1.0,cold_ligand
EGFR(L747S752del),EGFR,1.0,cold_ligand
EGFR(L747T751del),EGFR,1.0,cold_ligand
EGFR(L858R),EGFR,1.0,cold_ligand
EGFR(L858RT790M),EGFR,1.0,cold_ligand
EGFR(L861Q),EGFR,1.0,cold_ligand
EGFR(S752I759del),EGFR,1.0,cold_ligand
EGFR(T790M),EGFR,1.0,cold_ligand
EIF2AK1,EIF2AK1,1.0,cold_ligand
EPHA1,EPHA1,1.0,cold_ligand
EPHA2,EPHA2,1.0,cold_ligand
EPHA3,EPHA3,1.0,cold_ligand
EPHA4,EPHA4,1.0,cold_ligand
EPHA5,EPHA5,1.0,cold_ligand
EPHA6,EPHA6,1.0,cold_ligand
EPHA7,EPHA7,1.0,cold_ligand
EPHA8,EPHA8,1.0,cold_ligand
EPHB1,EPHB1,1.0,cold_ligand
EPHB2,EPHB2,1.0,cold_ligand
EPHB3,EPHB3,1.0,cold_ligand
EPHB4,EPHB4,1.0,cold_ligand
EPHB6,EPHB6,1.0,cold_ligand
ERBB2,ERBB2,1.0,cold_ligand
ERBB3,ERBB3,1.0,cold_ligand
ERBB4,ERBB4,1.0,cold_ligand
ERK1,ERK1,1.0,cold_ligand
ERK2,ERK2,1.0,cold_ligand
ERK3,ERK3,1.0,cold_ligand
ERK4,ERK4,1.0,cold_ligand
ERK5,ERK5,1.0,cold_ligand
ERK8,ERK8,1.0,cold_ligand
ERN1,ERN1,1.0,cold_ligand
FAK,FAK,1.0,cold_ligand
FER,FER,1.0,cold_ligand
FES,FES,1.0,cold_ligand
FGFR1,FGFR1,1.0,cold_ligand
FGFR2,FGFR2,1.0,cold_ligand
FGFR3,FGFR3,1.0,cold_ligand
FGFR3(G697C),FGFR3,1.0,cold_ligand
FGFR4,FGFR4,1.0,cold_ligand
FGR,FGR,1.0,cold_ligand
FLT1,FLT1,1.0,cold_ligand
FLT3,FLT3,1.0,cold_ligand
FLT3(D835H),FLT3,1.0,cold_ligand
FLT3(D835Y),FLT3,1.0,cold_ligand
FLT3(ITD),FLT3,1.0,cold_ligand
FLT3(K663Q),FLT3,1.0,cold_ligand
FLT3(N841I),FLT3,1.0,cold_ligand
FLT3(R834Q),FLT3,1.0,cold_ligand
FLT4,FLT4,1.0,cold_ligand
FRK,FRK,1.0,cold_ligand
FYN,FYN,1.0,cold_ligand
GAK,GAK,1.0,cold_ligand
GCN2(KinDom2S808G),GCN2(KinDom2S808G),1.0,cold_ligand
GRK1,GRK1,1.0,cold_ligand
GRK4,GRK4,1.0,cold_ligand
GRK7,GRK7,1.0,cold_ligand
GSK3A,GSK3A,1.0,cold_ligand
GSK3B,GSK3B,1.0,cold_ligand
HCK,HCK,1.0,cold_ligand
HIPK1,HIPK1,1.0,cold_ligand
HIPK2,HIPK2,1.0,cold_ligand
HIPK3,HIPK3,1.0,cold_ligand
HIPK4,HIPK4,1.0,cold_ligand
HPK1,HPK1,1.0,cold_ligand
HUNK,HUNK,1.0,cold_ligand
ICK,ICK,1.0,cold_ligand
IGF1R,IGF1R,1.0,cold_ligand
IKK-alpha,IKK-alpha,1.0,cold_ligand
IKK-beta,IKK-beta,1.0,cold_ligand
IKK-epsilon,IKK-epsilon,1.0,cold_ligand
INSR,INSR,1.0,cold_ligand
INSRR,INSRR,1.0,cold_ligand
IRAK1,IRAK1,1.0,cold_ligand
IRAK3,IRAK3,1.0,cold_ligand
IRAK4,IRAK4,1.0,cold_ligand
ITK,ITK,1.0,cold_ligand
JAK1(JH1domain-catalytic),JAK1(JH1domain-catalytic),1.0,cold_ligand
JAK1(JH2domain-pseudokinase),JAK1(JH1domain-catalytic),1.0,cold_ligand
JAK2(JH1domain-catalytic),JAK2(JH1domain-catalytic),1.0,cold_ligand
JAK3(JH1domain-catalytic),JAK3(JH1domain-catalytic),1.0,cold_ligand
JNK1,JNK1,1.0,cold_ligand
JNK2,JNK2,1.0,cold_ligand
JNK3,JNK3,1.0,cold_ligand
KIT,KIT,1.0,cold_ligand
KIT(A829P),KIT,1.0,cold_ligand
KIT(D816H),KIT,1.0,cold_ligand
KIT(D816V),KIT,1.0,cold_ligand
KIT(L576P),KIT,1.0,cold_ligand
KIT(V559D),KIT,1.0,cold_ligand
KIT(V559D-T670I),KIT,1.0,cold_ligand
KIT(V559D-V654A),KIT,1.0,cold_ligand
LATS1,LATS1,1.0,cold_ligand
LATS2,LATS2,1.0,cold_ligand
LCK,LCK,1.0,cold_ligand
LIMK1,LIMK1,1.0,cold_ligand
LIMK2,LIMK2,1.0,cold_ligand
LKB1,LKB1,1.0,cold_ligand
LOK,LOK,1.0,cold_ligand
LRRK2,LRRK2,1.0,cold_ligand
LRRK2(G2019S),LRRK2,1.0,cold_ligand
LTK,LTK,1.0,cold_ligand
LYN,LYN,1.0,cold_ligand
LZK,LZK,1.0,cold_ligand
MAK,MAK,1.0,cold_ligand
MAP3K1,MAP3K1,1.0,cold_ligand
MAP3K15,MAP3K15,1.0,cold_ligand
MAP3K2,MAP3K2,1.0,cold_ligand
MAP3K3,MAP3K3,1.0,cold_ligand
MAP3K4,MAP3K4,1.0,cold_ligand
MAP4K2,MAP4K2,1.0,cold_ligand
MAP4K3,MAP4K3,1.0,cold_ligand
MAP4K4,MAP4K4,1.0,cold_ligand
MAP4K5,MAP4K5,1.0,cold_ligand
MAPKAPK2,MAPKAPK2,1.0,cold_ligand
MAPKAPK5,MAPKAPK5,1.0,cold_ligand
MARK1,MARK1,1.0,cold_ligand
MARK2,MARK2,1.0,cold_ligand
MARK3,MARK3,1.0,cold_ligand
MARK4,MARK4,1.0,cold_ligand
MAST1,MAST1,1.0,cold_ligand
MEK1,MEK1,1.0,cold_ligand
MEK2,MEK2,1.0,cold_ligand
MEK3,MEK3,1.0,cold_ligand
MEK4,MEK4,1.0,cold_ligand
MEK5,MEK5,1.0,cold_ligand
MEK6,MEK6,1.0,cold_ligand
MELK,MELK,1.0,cold_ligand
MERTK,MERTK,1.0,cold_ligand
MET,MET,1.0,cold_ligand
MET(M1250T),MET,1.0,cold_ligand
MET(Y1235D),MET,1.0,cold_ligand
MINK,MINK,1.0,cold_ligand
MKK7,MKK7,1.0,cold_ligand
MKNK1,MKNK1,1.0,cold_ligand
MKNK2,MKNK2,1.0,cold_ligand
MLCK,MLCK,1.0,cold_ligand
MLK1,MLK1,1.0,cold_ligand
MLK2,MLK2,1.0,cold_ligand
MLK3,MLK3,1.0,cold_ligand
MRCKA,MRCKA,1.0,cold_ligand
MRCKB,MRCKB,1.0,cold_ligand
MST1,MST1,1.0,cold_ligand
MST1R,MST1R,1.0,cold_ligand
MST2,MST2,1.0,cold_ligand
MST3,MST3,1.0,cold_ligand
MST4,MST4,1.0,cold_ligand
MTOR,MTOR,1.0,cold_ligand
MUSK,MUSK,1.0,cold_ligand
MYLK,MYLK,1.0,cold_ligand
MYLK2,MYLK2,1.0,cold_ligand
MYLK4,MYLK4,1.0,cold_ligand
MYO3A,MYO3A,1.0,cold_ligand
MYO3B,MYO3B,1.0,cold_ligand
NDR1,NDR1,1.0,cold_ligand
NDR2,NDR2,1.0,cold_ligand
NEK1,NEK1,1.0,cold_ligand
NEK11,NEK11,1.0,cold_ligand
NEK2,NEK2,1.0,cold_ligand
NEK3,NEK3,1.0,cold_ligand
NEK4,NEK4,1.0,cold_ligand
NEK5,NEK5,1.0,cold_ligand
NEK6,NEK6,1.0,cold_ligand
NEK7,NEK7,1.0,cold_ligand
NEK9,NEK9,1.0,cold_ligand
NIM1,NIM1,1.0,cold_ligand
NLK,NLK,1.0,cold_ligand
OSR1,OSR1,1.0,cold_ligand
PAK1,PAK1,1.0,cold_ligand
PAK2,PAK2,1.0,cold_ligand
PAK3,PAK3,1.0,cold_ligand
PAK4,PAK4,1.0,cold_ligand
PAK6,PAK6,1.0,cold_ligand
PAK7,PAK7,1.0,cold_ligand
PCTK1,PCTK1,1.0,cold_ligand
PCTK2,PCTK2,1.0,cold_ligand
PCTK3,PCTK3,1.0,cold_ligand
PDGFRA,PDGFRA,1.0,cold_ligand
PDGFRB,PDGFRB,1.0,cold_ligand
PDPK1,PDPK1,1.0,cold_ligand
PFCDPK1(Pfalciparum),PFCDPK1(Pfalciparum),1.0,cold_ligand
PFPK5(Pfalciparum),PFPK5(Pfalciparum),1.0,cold_ligand
PFTAIRE2,PFTAIRE2,1.0,cold_ligand
PFTK1,PFTK1,1.0,cold_ligand
PHKG1,PHKG1,1.0,cold_ligand
PHKG2,PHKG2,1.0,cold_ligand
PIK3C2B,PIK3C2B,1.0,cold_ligand
PIK3C2G,PIK3C2G,1.0,cold_ligand
PIK3CA,PIK3CA,1.0,cold_ligand
PIK3CA(C420R),PIK3CA,1.0,cold_ligand
PIK3CA(E542K),PIK3CA,1.0,cold_ligand
PIK3CA(E545A),PIK3CA,1.0,cold_ligand
PIK3CA(E545K),PIK3CA,1.0,cold_ligand
PIK3CA(H1047L),PIK3CA,1.0,cold_ligand
PIK3CA(H1047Y),PIK3CA,1.0,cold_ligand
PIK3CA(I800L),PIK3CA,1.0,cold_ligand
PIK3CA(M1043I),PIK3CA,1.0,cold_ligand
PIK3CA(Q546K),PIK3CA,1.0,cold_ligand
PIK3CB,PIK3CB,1.0,cold_ligand
PIK3CD,PIK3CD,1.0,cold_ligand
PIK3CG,PIK3CG,1.0,cold_ligand
PIK4CB,PIK4CB,1.0,cold_ligand
PIM1,PIM1,1.0,cold_ligand
PIM2,PIM2,1.0,cold_ligand
PIM3,PIM3,1.0,cold_ligand
PIP5K1A,PIP5K1A,1.0,cold_ligand
PIP5K1C,PIP5K1C,1.0,cold_ligand
PIP5K2B,PIP5K2B,1.0,cold_ligand
PIP5K2C,PIP5K2C,1.0,cold_ligand
PKAC-alpha,PKAC-alpha,1.0,cold_ligand
PKAC-beta,PKAC-beta,1.0,cold_ligand
PKMYT1,PKMYT1,1.0,cold_ligand
PKN1,PKN1,1.0,cold_ligand
PKN2,PKN2,1.0,cold_ligand
PKNB(Mtuberculosis),PKNB(Mtuberculosis),1.0,cold_ligand
PLK1,PLK1,1.0,cold_ligand
PLK2,PLK2,1.0,cold_ligand
PLK3,PLK3,1.0,cold_ligand
PLK4,PLK4,1.0,cold_ligand
PRKCD,PRKCD,1.0,cold_ligand
PRKCE,PRKCE,1.0,cold_ligand
PRKCH,PRKCH,1.0,cold_ligand
PRKCI,PRKCI,1.0,cold_ligand
PRKCQ,PRKCQ,1.0,cold_ligand
PRKD1,PRKD1,1.0,cold_ligand
PRKD2,PRKD2,1.0,cold_ligand
PRKD3,PRKD3,1.0,cold_ligand
PRKG1,PRKG1,1.0,cold_ligand
PRKG2,PRKG2,1.0,cold_ligand
PRKR,PRKR,1.0,cold_ligand
PRKX,PRKX,1.0,cold_ligand
PRP4,PRP4,1.0,cold_ligand
PYK2,PYK2,1.0,cold_ligand
QSK,QSK,1.0,cold_ligand
RAF1,RAF1,1.0,cold_ligand
RET,RET,1.0,cold_ligand
RET(M918T),RET,1.0,cold_ligand
RET(V804L),RET,1.0,cold_ligand
RET(V804M),RET,1.0,cold_ligand
RIOK1,RIOK1,1.0,cold_ligand
RIOK2,RIOK2,1.0,cold_ligand
RIOK3,RIOK3,1.0,cold_ligand
RIPK1,RIPK1,1.0,cold_ligand
RIPK2,RIPK2,1.0,cold_ligand
RIPK4,RIPK4,1.0,cold_ligand
RIPK5,RIPK5,1.0,cold_ligand
ROCK1,ROCK1,1.0,cold_ligand
ROCK2,ROCK2,1.0,cold_ligand
ROS1,ROS1,1.0,cold_ligand
RPS6KA4(KinDom.1-N-terminal),RPS6KA4(KinDom.1-N-terminal),1.0,cold_ligand
RPS6KA4(KinDom.2-C-terminal),RPS6KA4(KinDom.1-N-terminal),1.0,cold_ligand
RPS6KA5(KinDom.1-N-terminal),RPS6KA5(KinDom.1-N-terminal),1.0,cold_ligand
RPS6KA5(KinDom.2-C-terminal),RPS6KA5(KinDom.1-N-terminal),1.0,cold_ligand
RSK1(KinDom.1-N-terminal),RSK1(KinDom.1-N-terminal),1.0,cold_ligand
RSK1(KinDom.2-C-terminal),RSK1(KinDom.1-N-terminal),1.0,cold_ligand
RSK2(KinDom.1-N-terminal),RSK2(KinDom.1-N-terminal),1.0,cold_ligand
RSK3(KinDom.1-N-terminal),RSK3(KinDom.1-N-terminal),1.0,cold_ligand
RSK3(KinDom.2-C-terminal),RSK3(KinDom.1-N-terminal),1.0,cold_ligand
RSK4(KinDom.1-N-terminal),RSK4(KinDom.1-N-terminal),1.0,cold_ligand
RSK4(KinDom.2-C-terminal),RSK4(KinDom.1-N-terminal),1.0,cold_ligand
S6K1,S6K1,1.0,cold_ligand
SBK1,SBK1,1.0,cold_ligand
SGK3,SGK3,1.0,cold_ligand
SIK,SIK,1.0,cold_ligand
SIK2,SIK2,1.0,cold_ligand
SLK,SLK,1.0,cold_ligand
SNARK,SNARK,1.0,cold_ligand
SNRK,SNRK,1.0,cold_ligand
SRC,SRC,1.0,cold_ligand
SRMS,SRMS,1.0,cold_ligand
SRPK1,SRPK1,1.0,cold_ligand
SRPK2,SRPK2,1.0,cold_ligand
SRPK3,SRPK3,1.0,cold_ligand
STK16,STK16,1.0,cold_ligand
STK33,STK33,1.0,cold_ligand
STK35,STK35,1.0,cold_ligand
STK36,STK36,1.0,cold_ligand
STK39,STK39,1.0,cold_ligand
SYK,SYK,1.0,cold_ligand
SgK110,SgK110,1.0,cold_ligand
TAK1,TAK1,1.0,cold_ligand
TAOK1,TAOK1,1.0,cold_ligand
TAOK2,TAOK2,1.0,cold_ligand
TAOK3,TAOK3,1.0,cold_ligand
TBK1,TBK1,1.0,cold_ligand
TEC,TEC,1.0,cold_ligand
TESK1,TESK1,1.0,cold_ligand
TGFBR1,TGFBR1,1.0,cold_ligand
TGFBR2,TGFBR2,1.0,cold_ligand
TIE1,TIE1,1.0,cold_ligand
TIE2,TIE2,1.0,cold_ligand
TLK1,TLK1,1.0,cold_ligand
TLK2,TLK2,1.0,cold_ligand
TNIK,TNIK,1.0,cold_ligand
TNK1,TNK1,1.0,cold_ligand
TNK2,TNK2,1.0,cold_ligand
TNNI3K,TNNI3K,1.0,cold_ligand
TRKA,TRKA,1.0,cold_ligand
TRKB,TRKB,1.0,cold_ligand
TRKC,TRKC,1.0,cold_ligand
TRPM6,TRPM6,1.0,cold_ligand
TSSK1B,TSSK1B,1.0,cold_ligand
TTK,TTK,1.0,cold_ligand
TXK,TXK,1.0,cold_ligand
TYK2(JH1domain-catalytic),TYK2(JH1domain-catalytic),1.0,cold_ligand
TYK2(JH2domain-pseudokinase),TYK2(JH1domain-catalytic),1.0,cold_ligand
TYRO3,TYRO3,1.0,cold_ligand
ULK1,ULK1,1.0,cold_ligand
ULK2,ULK2,1.0,cold_ligand
ULK3,ULK3,1.0,cold_ligand
VEGFR2,VEGFR2,1.0,cold_ligand
VRK2,VRK2,1.0,cold_ligand
WEE1,WEE1,1.0,cold_ligand
WEE2,WEE2,1.0,cold_ligand
YANK1,YANK1,1.0,cold_ligand
YANK2,YANK2,1.0,cold_ligand
YANK3,YANK3,1.0,cold_ligand
YES,YES,1.0,cold_ligand
YSK1,YSK1,1.0,cold_ligand
YSK4,YSK4,1.0,cold_ligand
ZAK,ZAK,1.0,cold_ligand
ZAP70,ZAP70,1.0,cold_ligand
p38-alpha,p38-alpha,1.0,cold_ligand
p38-beta,p38-beta,1.0,cold_ligand
p38-delta,p38-delta,1.0,cold_ligand
p38-gamma,p38-gamma,1.0,cold_ligand
ABL1(T315I),ABL1,1.0,cold_target
AMPK-alpha1,AMPK-alpha2,0.7469026548672566,cold_target
ANKK1,RIPK4,0.3468354430379747,cold_target
ASK1,MAP3K15,0.5685425685425686,cold_target
BMPR1B,BMPR1A,0.6885553470919324,cold_target
BRAF(V600E),BRAF,1.0,cold_target
BRSK1,BRSK2,0.6887254901960784,cold_target
CAMK1G,CAMK1,0.502092050209205,cold_target
CAMK2G,CAMK2D,0.7288428324697754,cold_target
CDC2L1,CDC2L2,0.8671586715867159,cold_target
CDC2L5,CDK9,0.2959641255605381,cold_target
CDK4-cyclinD3,CDK4-cyclinD1,1.0,cold_target
CSF1R,KIT,0.4017946161515454,cold_target
CSNK1A1L,CSNK1A1,0.9050445103857568,cold_target
CSNK1G1,CSNK1G3,0.7694013303769401,cold_target
DAPK1,DAPK3,0.2076923076923077,cold_target
DDR2,DDR1,0.5223555070883316,cold_target
DRAK2,DRAK1,0.4879227053140096,cold_target
EGFR(E746A750del),EGFR,1.0,cold_target
ERK3,ERK4,0.4593103448275862,cold_target
ERK8,ERK4,0.2878787878787879,cold_target
ERN1,DCAMKL1,0.199796126401631,cold_target
FLT1,VEGFR2,0.438953488372093,cold_target
FLT4,VEGFR2,0.4267148014440433,cold_target
HIPK3,HIPK2,0.4980268350434096,cold_target
HUNK,BRSK2,0.2576142131979695,cold_target
ICK,MAK,0.555205047318612,cold_target
IGF1R,INSRR,0.5367807720320467,cold_target
INSR,INSRR,0.51010101010101,cold_target
ITK,TEC,0.5813586097946287,cold_target
JAK3(JH1domain-catalytic),JAK2(JH1domain-catalytic),0.4783362218370884,cold_target
LATS2,LATS1,0.5115483319076134,cold_target
LRRK2,LRRK2(G2019S),1.0,cold_target
LYN,HCK,0.6237113402061856,cold_target
MARK2,MARK1,0.671990171990172,cold_target
MET(M1250T),MET,1.0,cold_target
MLK1,CDK3,0.1931216931216931,cold_target
MRCKB,MRCKA,0.6102857142857143,cold_target
MST2,MST1,0.7737373737373737,cold_target
MYO3A,MYO3B,0.4901477832512315,cold_target
NDR2,NDR1,0.867237687366167,cold_target
NEK1,NEK9,0.2087155963302752,cold_target
NEK5,NEK3,0.2980225988700565,cold_target
NLK,p38-alpha,0.3011363636363636,cold_target
OSR1,STK39,0.680628272251309,cold_target
PAK7,PAK4,0.5319444444444444,cold_target
PIK3CA(E545A),PIK3CA(C420R),1.0,cold_target
PIK3CA(H1047L),PIK3CA(C420R),1.0,cold_target
PIK3CA(I800L),PIK3CA(C420R),1.0,cold_target
PKAC-alpha,PKAC-beta,0.9287749287749288,cold_target
PRKCD,AKT3,0.2731277533039647,cold_target
PRKCH,AKT2,0.2911208151382823,cold_target
PRKCI,AKT2,0.3221476510067114,cold_target
PRKCQ,AKT3,0.2780898876404494,cold_target
RET(M918T),RET,1.0,cold_target
RIOK3,NEK11,0.1873065015479876,cold_target
RPS6KA5(KinDom.1-N-terminal),RSK4(KinDom.2-C-terminal),0.4016887816646562,cold_target
SRPK2,SRPK1,0.5797101449275363,cold_target
STK35,WEE1,0.2140672782874617,cold_target
SgK110,SBK1,0.312206572769953,cold_target
TGFBR2,ACVR2B,0.3078260869565217,cold_target
TYK2(JH2domain-pseudokinase),JAK1(JH1domain-catalytic),0.4444444444444444,cold_target
YANK1,YANK2,0.6690821256038647,cold_target
YANK3,YANK2,0.5555555555555556,cold_target
p38-gamma,p38-delta,0.6440217391304348,cold_target
BRAF(V600E),BRAF,1.0,mutation_holdout
FLT3(D835H),FLT3,1.0,mutation_holdout
FLT3(D835Y),FLT3,1.0,mutation_holdout
FLT3(ITD),FLT3,1.0,mutation_holdout
FLT3(K663Q),FLT3,1.0,mutation_holdout
FLT3(N841I),FLT3,1.0,mutation_holdout
FLT3(R834Q),FLT3,1.0,mutation_holdout
KIT(A829P),KIT,1.0,mutation_holdout
KIT(D816H),KIT,1.0,mutation_holdout
KIT(D816V),KIT,1.0,mutation_holdout
KIT(L576P),KIT,1.0,mutation_holdout
KIT(V559D),KIT,1.0,mutation_holdout
KIT(V559D-T670I),KIT,1.0,mutation_holdout
KIT(V559D-V654A),KIT,1.0,mutation_holdout
LRRK2(G2019S),LRRK2,1.0,mutation_holdout
MET(M1250T),MET,1.0,mutation_holdout
MET(Y1235D),MET,1.0,mutation_holdout
PIK3CA(C420R),PIK3CA,1.0,mutation_holdout
PIK3CA(E542K),PIK3CA,1.0,mutation_holdout
PIK3CA(E545A),PIK3CA,1.0,mutation_holdout
PIK3CA(E545K),PIK3CA,1.0,mutation_holdout
PIK3CA(H1047L),PIK3CA,1.0,mutation_holdout
PIK3CA(H1047Y),PIK3CA,1.0,mutation_holdout
PIK3CA(I800L),PIK3CA,1.0,mutation_holdout
PIK3CA(M1043I),PIK3CA,1.0,mutation_holdout
PIK3CA(Q546K),PIK3CA,1.0,mutation_holdout
AAK1,AAK1,1.0,random
ABL1,ABL1,1.0,random
ABL1(E255K),ABL1,1.0,random
ABL1(F317I),ABL1,1.0,random
ABL1(F317I)p,ABL1,1.0,random
ABL1(F317L),ABL1,1.0,random
ABL1(F317L)p,ABL1,1.0,random
ABL1(H396P),ABL1,1.0,random
ABL1(H396P)p,ABL1,1.0,random
ABL1(M351T),ABL1,1.0,random
ABL1(Q252H),ABL1,1.0,random
ABL1(Q252H)p,ABL1,1.0,random
ABL1(T315I),ABL1,1.0,random
ABL1(T315I)p,ABL1,1.0,random
ABL1(Y253F),ABL1,1.0,random
ABL1p,ABL1,1.0,random
ABL2,ABL2,1.0,random
ACVR1,ACVR1,1.0,random
ACVR1B,ACVR1B,1.0,random
ACVR2A,ACVR2A,1.0,random
ACVR2B,ACVR2B,1.0,random
ACVRL1,ACVRL1,1.0,random
ADCK3,ADCK3,1.0,random
ADCK4,ADCK4,1.0,random
AKT1,AKT1,1.0,random
AKT2,AKT2,1.0,random
AKT3,AKT3,1.0,random
ALK,ALK,1.0,random
AMPK-alpha1,AMPK-alpha1,1.0,random
AMPK-alpha2,AMPK-alpha2,1.0,random
ANKK1,ANKK1,1.0,random
ARK5,ARK5,1.0,random
ASK1,ASK1,1.0,random
ASK2,ASK2,1.0,random
AURKA,AURKA,1.0,random
AURKB,AURKB,1.0,random
AURKC,AURKC,1.0,random
AXL,AXL,1.0,random
BIKE,BIKE,1.0,random
BLK,BLK,1.0,random
BMPR1A,BMPR1A,1.0,random
BMPR1B,BMPR1B,1.0,random
BMPR2,BMPR2,1.0,random
BMX,BMX,1.0,random
BRAF,BRAF,1.0,random
BRAF(V600E),BRAF,1.0,random
BRK,BRK,1.0,random
BRSK1,BRSK1,1.0,random
BRSK2,BRSK2,1.0,random
BTK,BTK,1.0,random
CAMK1,CAMK1,1.0,random
CAMK1D,CAMK1D,1.0,random
CAMK1G,CAMK1G,1.0,random
CAMK2A,CAMK2A,1.0,random
CAMK2B,CAMK2B,1.0,random
CAMK2D,CAMK2D,1.0,random
CAMK2G,CAMK2G,1.0,random
CAMK4,CAMK4,1.0,random
CAMKK1,CAMKK1,1.0,random
CAMKK2,CAMKK2,1.0,random
CASK,CASK,1.0,random
CDC2L1,CDC2L1,1.0,random
CDC2L2,CDC2L2,1.0,random
CDC2L5,CDC2L5,1.0,random
CDK11,CDK11,1.0,random
CDK2,CDK2,1.0,random
CDK3,CDK3,1.0,random
CDK4-cyclinD1,CDK4-cyclinD1,1.0,random
CDK4-cyclinD3,CDK4-cyclinD1,1.0,random
CDK5,CDK5,1.0,random
CDK7,CDK7,1.0,random
CDK8,CDK8,1.0,random
CDK9,CDK9,1.0,random
CDKL1,CDKL1,1.0,random
CDKL2,CDKL2,1.0,random
CDKL3,CDKL3,1.0,random
CDKL5,CDKL5,1.0,random
CHEK1,CHEK1,1.0,random
CHEK2,CHEK2,1.0,random
CIT,CIT,1.0,random
CLK1,CLK1,1.0,random
CLK2,CLK2,1.0,random
CLK3,CLK3,1.0,random
CLK4,CLK4,1.0,random
CSF1R,CSF1R,1.0,random
CSK,CSK,1.0,random
CSNK1A1,CSNK1A1,1.0,random
CSNK1A1L,CSNK1A1L,1.0,random
CSNK1D,CSNK1D,1.0,random
CSNK1E,CSNK1E,1.0,random
CSNK1G1,CSNK1G1,1.0,random
CSNK1G2,CSNK1G2,1.0,random
CSNK1G3,CSNK1G3,1.0,random
CSNK2A1,CSNK2A1,1.0,random
CSNK2A2,CSNK2A2,1.0,random
CTK,CTK,1.0,random
DAPK1,DAPK1,1.0,random
DAPK2,DAPK2,1.0,random
DAPK3,DAPK3,1.0,random
DCAMKL1,DCAMKL1,1.0,random
DCAMKL2,DCAMKL2,1.0,random
DCAMKL3,DCAMKL3,1.0,random
DDR1,DDR1,1.0,random
DDR2,DDR2,1.0,random
DLK,DLK,1.0,random
DMPK,DMPK,1.0,random
DMPK2,DMPK2,1.0,random
DRAK1,DRAK1,1.0,random
DRAK2,DRAK2,1.0,random
DYRK1A,DYRK1A,1.0,random
DYRK1B,DYRK1B,1.0,random
DYRK2,DYRK2,1.0,random
EGFR,EGFR,1.0,random
EGFR(E746A750del),EGFR,1.0,random
EGFR(G719C),EGFR,1.0,random
EGFR(G719S),EGFR,1.0,random
EGFR(L747E749del),EGFR,1.0,random
EGFR(L747S752del),EGFR,1.0,random
EGFR(L747T751del),EGFR,1.0,random
EGFR(L858R),EGFR,1.0,random
EGFR(L858RT790M),EGFR,1.0,random
EGFR(L861Q),EGFR,1.0,random
EGFR(S752I759del),EGFR,1.0,random
EGFR(T790M),EGFR,1.0,random
EIF2AK1,EIF2AK1,1.0,random
EPHA1,EPHA1,1.0,random
EPHA2,EPHA2,1.0,random
EPHA3,EPHA3,1.0,random
EPHA4,EPHA4,1.0,random
EPHA5,EPHA5,1.0,random
EPHA6,EPHA6,1.0,random
EPHA7,EPHA7,1.0,random
EPHA8,EPHA8,1.0,random
EPHB1,EPHB1,1.0,random
EPHB2,EPHB2,1.0,random
EPHB3,EPHB3,1.0,random
EPHB4,EPHB4,1.0,random
EPHB6,EPHB6,1.0,random
ERBB2,ERBB2,1.0,random
ERBB3,ERBB3,1.0,random
ERBB4,ERBB4,1.0,random
ERK1,ERK1,1.0,random
ERK2,ERK2,1.0,random
ERK3,ERK3,1.0,random
ERK4,ERK4,1.0,random
ERK5,ERK5,1.0,random
ERK8,ERK8,1.0,random
ERN1,ERN1,1.0,random
FAK,FAK,1.0,random
FER,FER,1.0,random
FES,FES,1.0,random
FGFR1,FGFR1,1.0,random
FGFR2,FGFR2,1.0,random
FGFR3,FGFR3,1.0,random
FGFR3(G697C),FGFR3,1.0,random
FGFR4,FGFR4,1.0,random
FGR,FGR,1.0,random
FLT1,FLT1,1.0,random
FLT3,FLT3,1.0,random
FLT3(D835H),FLT3,1.0,random
FLT3(D835Y),FLT3,1.0,random
FLT3(ITD),FLT3,1.0,random
FLT3(K663Q),FLT3,1.0,random
FLT3(N841I),FLT3,1.0,random
FLT3(R834Q),FLT3,1.0,random
FLT4,FLT4,1.0,random
FRK,FRK,1.0,random
FYN,FYN,1.0,random
GAK,GAK,1.0,random
GCN2(KinDom2S808G),GCN2(KinDom2S808G),1.0,random
GRK1,GRK1,1.0,random
GRK4,GRK4,1.0,random
GRK7,GRK7,1.0,random
GSK3A,GSK3A,1.0,random
GSK3B,GSK3B,1.0,random
HCK,HCK,1.0,random
HIPK1,HIPK1,1.0,random
HIPK2,HIPK2,1.0,random
HIPK3,HIPK3,1.0,random
HIPK4,HIPK4,1.0,random
HPK1,HPK1,1.0,random
HUNK,HUNK,1.0,random
ICK,ICK,1.0,random
IGF1R,IGF1R,1.0,random
IKK-alpha,IKK-alpha,1.0,random
IKK-beta,IKK-beta,1.0,random
IKK-epsilon,IKK-epsilon,1.0,random
INSR,INSR,1.0,random
INSRR,INSRR,1.0,random
IRAK1,IRAK1,1.0,random
IRAK3,IRAK3,1.0,random
IRAK4,IRAK4,1.0,random
ITK,ITK,1.0,random
JAK1(JH1domain-catalytic),JAK1(JH1domain-catalytic),1.0,random
JAK1(JH2domain-pseudokinase),JAK1(JH1domain-catalytic),1.0,random
JAK2(JH1domain-catalytic),JAK2(JH1domain-catalytic),1.0,random
JAK3(JH1domain-catalytic),JAK3(JH1domain-catalytic),1.0,random
JNK1,JNK1,1.0,random
JNK2,JNK2,1.0,random
JNK3,JNK3,1.0,random
KIT,KIT,1.0,random
KIT(A829P),KIT,1.0,random
KIT(D816H),KIT,1.0,random
KIT(D816V),KIT,1.0,random
KIT(L576P),KIT,1.0,random
KIT(V559D),KIT,1.0,random
KIT(V559D-T670I),KIT,1.0,random
KIT(V559D-V654A),KIT,1.0,random
LATS1,LATS1,1.0,random
LATS2,LATS2,1.0,random
LCK,LCK,1.0,random
LIMK1,LIMK1,1.0,random
LIMK2,LIMK2,1.0,random
LKB1,LKB1,1.0,random
LOK,LOK,1.0,random
LRRK2,LRRK2,1.0,random
LRRK2(G2019S),LRRK2,1.0,random
LTK,LTK,1.0,random
LYN,LYN,1.0,random
LZK,LZK,1.0,random
MAK,MAK,1.0,random
MAP3K1,MAP3K1,1.0,random
MAP3K15,MAP3K15,1.0,random
MAP3K2,MAP3K2,1.0,random
MAP3K3,MAP3K3,1.0,random
MAP3K4,MAP3K4,1.0,random
MAP4K2,MAP4K2,1.0,random
MAP4K3,MAP4K3,1.0,random
MAP4K4,MAP4K4,1.0,random
MAP4K5,MAP4K5,1.0,random
MAPKAPK2,MAPKAPK2,1.0,random
MAPKAPK5,MAPKAPK5,1.0,random
MARK1,MARK1,1.0,random
MARK2,MARK2,1.0,random
MARK3,MARK3,1.0,random
MARK4,MARK4,1.0,random
MAST1,MAST1,1.0,random
MEK1,MEK1,1.0,random
MEK2,MEK2,1.0,random
MEK3,MEK3,1.0,random
MEK4,MEK4,1.0,random
MEK5,MEK5,1.0,random
MEK6,MEK6,1.0,random
MELK,MELK,1.0,random
MERTK,MERTK,1.0,random
MET,MET,1.0,random
MET(M1250T),MET,1.0,random
MET(Y1235D),MET,1.0,random
MINK,MINK,1.0,random
MKK7,MKK7,1.0,random
MKNK1,MKNK1,1.0,random
MKNK2,MKNK2,1.0,random
MLCK,MLCK,1.0,random
MLK1,MLK1,1.0,random
MLK2,MLK2,1.0,random
MLK3,MLK3,1.0,random
MRCKA,MRCKA,1.0,random
MRCKB,MRCKB,1.0,random
MST1,MST1,1.0,random
MST1R,MST1R,1.0,random
MST2,MST2,1.0,random
MST3,MST3,1.0,random
MST4,MST4,1.0,random
MTOR,MTOR,1.0,random
MUSK,MUSK,1.0,random
MYLK,MYLK,1.0,random
MYLK2,MYLK2,1.0,random
MYLK4,MYLK4,1.0,random
MYO3A,MYO3A,1.0,random
MYO3B,MYO3B,1.0,random
NDR1,NDR1,1.0,random
NDR2,NDR2,1.0,random
NEK1,NEK1,1.0,random
NEK11,NEK11,1.0,random
NEK2,NEK2,1.0,random
NEK3,NEK3,1.0,random
NEK4,NEK4,1.0,random
NEK5,NEK5,1.0,random
NEK6,NEK6,1.0,random
NEK7,NEK7,1.0,random
NEK9,NEK9,1.0,random
NIM1,NIM1,1.0,random
NLK,NLK,1.0,random
OSR1,OSR1,1.0,random
PAK1,PAK1,1.0,random
PAK2,PAK2,1.0,random
PAK3,PAK3,1.0,random
PAK4,PAK4,1.0,random
PAK6,PAK6,1.0,random
PAK7,PAK7,1.0,random
PCTK1,PCTK1,1.0,random
PCTK2,PCTK2,1.0,random
PCTK3,PCTK3,1.0,random
PDGFRA,PDGFRA,1.0,random
PDGFRB,PDGFRB,1.0,random
PDPK1,PDPK1,1.0,random
PFCDPK1(Pfalciparum),PFCDPK1(Pfalciparum),1.0,random
PFPK5(Pfalciparum),PFPK5(Pfalciparum),1.0,random
PFTAIRE2,PFTAIRE2,1.0,random
PFTK1,PFTK1,1.0,random
PHKG1,PHKG1,1.0,random
PHKG2,PHKG2,1.0,random
PIK3C2B,PIK3C2B,1.0,random
PIK3C2G,PIK3C2G,1.0,random
PIK3CA,PIK3CA,1.0,random
PIK3CA(C420R),PIK3CA,1.0,random
PIK3CA(E542K),PIK3CA,1.0,random
PIK3CA(E545A),PIK3CA,1.0,random
PIK3CA(E545K),PIK3CA,1.0,random
PIK3CA(H1047L),PIK3CA,1.0,random
PIK3CA(H1047Y),PIK3CA,1.0,random
PIK3CA(I800L),PIK3CA,1.0,random
PIK3CA(M1043I),PIK3CA,1.0,random
PIK3CA(Q546K),PIK3CA,1.0,random
PIK3CB,PIK3CB,1.0,random
PIK3CD,PIK3CD,1.0,random
PIK3CG,PIK3CG,1.0,random
PIK4CB,PIK4CB,1.0,random
PIM1,PIM1,1.0,random
PIM2,PIM2,1.0,random
PIM3,PIM3,1.0,random
PIP5K1A,PIP5K1A,1.0,random
PIP5K1C,PIP5K1C,1.0,random
PIP5K2B,PIP5K2B,1.0,random
PIP5K2C,PIP5K2C,1.0,random
PKAC-alpha,PKAC-alpha,1.0,random
PKAC-beta,PKAC-beta,1.0,random
PKMYT1,PKMYT1,1.0,random
PKN1,PKN1,1.0,random
PKN2,PKN2,1.0,random
PKNB(Mtuberculosis),PKNB(Mtuberculosis),1.0,random
PLK1,PLK1,1.0,random
PLK2,PLK2,1.0,random
PLK3,PLK3,1.0,random
PLK4,PLK4,1.0,random
PRKCD,PRKCD,1.0,random
PRKCE,PRKCE,1.0,random
PRKCH,PRKCH,1.0,random
PRKCI,PRKCI,1.0,random
PRKCQ,PRKCQ,1.0,random
PRKD1,PRKD1,1.0,random
PRKD2,PRKD2,1.0,random
PRKD3,PRKD3,1.0,random
PRKG1,PRKG1,1.0,random
PRKG2,PRKG2,1.0,random
PRKR,PRKR,1.0,random
PRKX,PRKX,1.0,random
PRP4,PRP4,1.0,random
PYK2,PYK2,1.0,random
QSK,QSK,1.0,random
RAF1,RAF1,1.0,random
RET,RET,1.0,random
RET(M918T),RET,1.0,random
RET(V804L),RET,1.0,random
RET(V804M),RET,1.0,random
RIOK1,RIOK1,1.0,random
RIOK2,RIOK2,1.0,random
RIOK3,RIOK3,1.0,random
RIPK1,RIPK1,1.0,random
RIPK2,RIPK2,1.0,random
RIPK4,RIPK4,1.0,random
RIPK5,RIPK5,1.0,random
ROCK1,ROCK1,1.0,random
ROCK2,ROCK2,1.0,random
ROS1,ROS1,1.0,random
RPS6KA4(KinDom.1-N-terminal),RPS6KA4(KinDom.1-N-terminal),1.0,random
RPS6KA4(KinDom.2-C-terminal),RPS6KA4(KinDom.1-N-terminal),1.0,random
RPS6KA5(KinDom.1-N-terminal),RPS6KA5(KinDom.1-N-terminal),1.0,random
RPS6KA5(KinDom.2-C-terminal),RPS6KA5(KinDom.1-N-terminal),1.0,random
RSK1(KinDom.1-N-terminal),RSK1(KinDom.1-N-terminal),1.0,random
RSK1(KinDom.2-C-terminal),RSK1(KinDom.1-N-terminal),1.0,random
RSK2(KinDom.1-N-terminal),RSK2(KinDom.1-N-terminal),1.0,random
RSK3(KinDom.1-N-terminal),RSK3(KinDom.1-N-terminal),1.0,random
RSK3(KinDom.2-C-terminal),RSK3(KinDom.1-N-terminal),1.0,random
RSK4(KinDom.1-N-terminal),RSK4(KinDom.1-N-terminal),1.0,random
RSK4(KinDom.2-C-terminal),RSK4(KinDom.1-N-terminal),1.0,random
S6K1,S6K1,1.0,random
SBK1,SBK1,1.0,random
SGK3,SGK3,1.0,random
SIK,SIK,1.0,random
SIK2,SIK2,1.0,random
SLK,SLK,1.0,random
SNARK,SNARK,1.0,random
SNRK,SNRK,1.0,random
SRC,SRC,1.0,random
SRMS,SRMS,1.0,random
SRPK1,SRPK1,1.0,random
SRPK2,SRPK2,1.0,random
SRPK3,SRPK3,1.0,random
STK16,STK16,1.0,random
STK33,STK33,1.0,random
STK35,STK35,1.0,random
STK36,STK36,1.0,random
STK39,STK39,1.0,random
SYK,SYK,1.0,random
SgK110,SgK110,1.0,random
TAK1,TAK1,1.0,random
TAOK1,TAOK1,1.0,random
TAOK2,TAOK2,1.0,random
TAOK3,TAOK3,1.0,random
TBK1,TBK1,1.0,random
TEC,TEC,1.0,random
TESK1,TESK1,1.0,random
TGFBR1,TGFBR1,1.0,random
TGFBR2,TGFBR2,1.0,random
TIE1,TIE1,1.0,random
TIE2,TIE2,1.0,random
TLK1,TLK1,1.0,random
TLK2,TLK2,1.0,random
TNIK,TNIK,1.0,random
TNK1,TNK1,1.0,random
TNK2,TNK2,1.0,random
TNNI3K,TNNI3K,1.0,random
TRKA,TRKA,1.0,random
TRKB,TRKB,1.0,random
TRKC,TRKC,1.0,random
TRPM6,TRPM6,1.0,random
TSSK1B,TSSK1B,1.0,random
TTK,TTK,1.0,random
TXK,TXK,1.0,random
TYK2(JH1domain-catalytic),TYK2(JH1domain-catalytic),1.0,random
TYK2(JH2domain-pseudokinase),TYK2(JH1domain-catalytic),1.0,random
TYRO3,TYRO3,1.0,random
ULK1,ULK1,1.0,random
ULK2,ULK2,1.0,random
ULK3,ULK3,1.0,random
VEGFR2,VEGFR2,1.0,random
VRK2,VRK2,1.0,random
WEE1,WEE1,1.0,random
WEE2,WEE2,1.0,random
YANK1,YANK1,1.0,random
YANK2,YANK2,1.0,random
YANK3,YANK3,1.0,random
YES,YES,1.0,random
YSK1,YSK1,1.0,random
YSK4,YSK4,1.0,random
ZAK,ZAK,1.0,random
ZAP70,ZAP70,1.0,random
p38-alpha,p38-alpha,1.0,random
p38-beta,p38-beta,1.0,random
p38-delta,p38-delta,1.0,random
p38-gamma,p38-gamma,1.0,random
AAK1,AAK1,1.0,scaffold
ABL1,ABL1,1.0,scaffold
ABL1(E255K),ABL1,1.0,scaffold
ABL1(F317I),ABL1,1.0,scaffold
ABL1(F317I)p,ABL1,1.0,scaffold
ABL1(F317L),ABL1,1.0,scaffold
ABL1(F317L)p,ABL1,1.0,scaffold
ABL1(H396P),ABL1,1.0,scaffold
ABL1(H396P)p,ABL1,1.0,scaffold
ABL1(M351T),ABL1,1.0,scaffold
ABL1(Q252H),ABL1,1.0,scaffold
ABL1(Q252H)p,ABL1,1.0,scaffold
ABL1(T315I),ABL1,1.0,scaffold
ABL1(T315I)p,ABL1,1.0,scaffold
ABL1(Y253F),ABL1,1.0,scaffold
ABL1p,ABL1,1.0,scaffold
ABL2,ABL2,1.0,scaffold
ACVR1,ACVR1,1.0,scaffold
ACVR1B,ACVR1B,1.0,scaffold
ACVR2A,ACVR2A,1.0,scaffold
ACVR2B,ACVR2B,1.0,scaffold
ACVRL1,ACVRL1,1.0,scaffold
ADCK3,ADCK3,1.0,scaffold
ADCK4,ADCK4,1.0,scaffold
AKT1,AKT1,1.0,scaffold
AKT2,AKT2,1.0,scaffold
AKT3,AKT3,1.0,scaffold
ALK,ALK,1.0,scaffold
AMPK-alpha1,AMPK-alpha1,1.0,scaffold
AMPK-alpha2,AMPK-alpha2,1.0,scaffold
ANKK1,ANKK1,1.0,scaffold
ARK5,ARK5,1.0,scaffold
ASK1,ASK1,1.0,scaffold
ASK2,ASK2,1.0,scaffold
AURKA,AURKA,1.0,scaffold
AURKB,AURKB,1.0,scaffold
AURKC,AURKC,1.0,scaffold
AXL,AXL,1.0,scaffold
BIKE,BIKE,1.0,scaffold
BLK,BLK,1.0,scaffold
BMPR1A,BMPR1A,1.0,scaffold
BMPR1B,BMPR1B,1.0,scaffold
BMPR2,BMPR2,1.0,scaffold
BMX,BMX,1.0,scaffold
BRAF,BRAF,1.0,scaffold
BRAF(V600E),BRAF,1.0,scaffold
BRK,BRK,1.0,scaffold
BRSK1,BRSK1,1.0,scaffold
BRSK2,BRSK2,1.0,scaffold
BTK,BTK,1.0,scaffold
CAMK1,CAMK1,1.0,scaffold
CAMK1D,CAMK1D,1.0,scaffold
CAMK1G,CAMK1G,1.0,scaffold
CAMK2A,CAMK2A,1.0,scaffold
CAMK2B,CAMK2B,1.0,scaffold
CAMK2D,CAMK2D,1.0,scaffold
CAMK2G,CAMK2G,1.0,scaffold
CAMK4,CAMK4,1.0,scaffold
CAMKK1,CAMKK1,1.0,scaffold
CAMKK2,CAMKK2,1.0,scaffold
CASK,CASK,1.0,scaffold
CDC2L1,CDC2L1,1.0,scaffold
CDC2L2,CDC2L2,1.0,scaffold
CDC2L5,CDC2L5,1.0,scaffold
CDK11,CDK11,1.0,scaffold
CDK2,CDK2,1.0,scaffold
CDK3,CDK3,1.0,scaffold
CDK4-cyclinD1,CDK4-cyclinD1,1.0,scaffold
CDK4-cyclinD3,CDK4-cyclinD1,1.0,scaffold
CDK5,CDK5,1.0,scaffold
CDK7,CDK7,1.0,scaffold
CDK8,CDK8,1.0,scaffold
CDK9,CDK9,1.0,scaffold
CDKL1,CDKL1,1.0,scaffold
CDKL2,CDKL2,1.0,scaffold
CDKL3,CDKL3,1.0,scaffold
CDKL5,CDKL5,1.0,scaffold
CHEK1,CHEK1,1.0,scaffold
CHEK2,CHEK2,1.0,scaffold
CIT,CIT,1.0,scaffold
CLK1,CLK1,1.0,scaffold
CLK2,CLK2,1.0,scaffold
CLK3,CLK3,1.0,scaffold
CLK4,CLK4,1.0,scaffold
CSF1R,CSF1R,1.0,scaffold
CSK,CSK,1.0,scaffold
CSNK1A1,CSNK1A1,1.0,scaffold
CSNK1A1L,CSNK1A1L,1.0,scaffold
CSNK1D,CSNK1D,1.0,scaffold
CSNK1E,CSNK1E,1.0,scaffold
CSNK1G1,CSNK1G1,1.0,scaffold
CSNK1G2,CSNK1G2,1.0,scaffold
CSNK1G3,CSNK1G3,1.0,scaffold
CSNK2A1,CSNK2A1,1.0,scaffold
CSNK2A2,CSNK2A2,1.0,scaffold
CTK,CTK,1.0,scaffold
DAPK1,DAPK1,1.0,scaffold
DAPK2,DAPK2,1.0,scaffold
DAPK3,DAPK3,1.0,scaffold
DCAMKL1,DCAMKL1,1.0,scaffold
DCAMKL2,DCAMKL2,1.0,scaffold
DCAMKL3,DCAMKL3,1.0,scaffold
DDR1,DDR1,1.0,scaffold
DDR2,DDR2,1.0,scaffold
DLK,DLK,1.0,scaffold
DMPK,DMPK,1.0,scaffold
DMPK2,DMPK2,1.0,scaffold
DRAK1,DRAK1,1.0,scaffold
DRAK2,DRAK2,1.0,scaffold
DYRK1A,DYRK1A,1.0,scaffold
DYRK1B,DYRK1B,1.0,scaffold
DYRK2,DYRK2,1.0,scaffold
EGFR,EGFR,1.0,scaffold
EGFR(E746A750del),EGFR,1.0,scaffold
EGFR(G719C),EGFR,1.0,scaffold
EGFR(G719S),EGFR,1.0,scaffold
EGFR(L747E749del),EGFR,1.0,scaffold
EGFR(L747S752del),EGFR,1.0,scaffold
EGFR(L747T751del),EGFR,1.0,scaffold
EGFR(L858R),EGFR,1.0,scaffold
EGFR(L858RT790M),EGFR,1.0,scaffold
EGFR(L861Q),EGFR,1.0,scaffold
EGFR(S752I759del),EGFR,1.0,scaffold
EGFR(T790M),EGFR,1.0,scaffold
EIF2AK1,EIF2AK1,1.0,scaffold
EPHA1,EPHA1,1.0,scaffold
EPHA2,EPHA2,1.0,scaffold
EPHA3,EPHA3,1.0,scaffold
EPHA4,EPHA4,1.0,scaffold
EPHA5,EPHA5,1.0,scaffold
EPHA6,EPHA6,1.0,scaffold
EPHA7,EPHA7,1.0,scaffold
EPHA8,EPHA8,1.0,scaffold
EPHB1,EPHB1,1.0,scaffold
EPHB2,EPHB2,1.0,scaffold
EPHB3,EPHB3,1.0,scaffold
EPHB4,EPHB4,1.0,scaffold
EPHB6,EPHB6,1.0,scaffold
ERBB2,ERBB2,1.0,scaffold
ERBB3,ERBB3,1.0,scaffold
ERBB4,ERBB4,1.0,scaffold
ERK1,ERK1,1.0,scaffold
ERK2,ERK2,1.0,scaffold
ERK3,ERK3,1.0,scaffold
ERK4,ERK4,1.0,scaffold
ERK5,ERK5,1.0,scaffold
ERK8,ERK8,1.0,scaffold
ERN1,ERN1,1.0,scaffold
FAK,FAK,1.0,scaffold
FER,FER,1.0,scaffold
FES,FES,1.0,scaffold
FGFR1,FGFR1,1.0,scaffold
FGFR2,FGFR2,1.0,scaffold
FGFR3,FGFR3,1.0,scaffold
FGFR3(G697C),FGFR3,1.0,scaffold
FGFR4,FGFR4,1.0,scaffold
FGR,FGR,1.0,scaffold
FLT1,FLT1,1.0,scaffold
FLT3,FLT3,1.0,scaffold
FLT3(D835H),FLT3,1.0,scaffold
FLT3(D835Y),FLT3,1.0,scaffold
FLT3(ITD),FLT3,1.0,scaffold
FLT3(K663Q),FLT3,1.0,scaffold
FLT3(N841I),FLT3,1.0,scaffold
FLT3(R834Q),FLT3,1.0,scaffold
FLT4,FLT4,1.0,scaffold
FRK,FRK,1.0,scaffold
FYN,FYN,1.0,scaffold
GAK,GAK,1.0,scaffold
GCN2(KinDom2S808G),GCN2(KinDom2S808G),1.0,scaffold
GRK1,GRK1,1.0,scaffold
GRK4,GRK4,1.0,scaffold
GRK7,GRK7,1.0,scaffold
GSK3A,GSK3A,1.0,scaffold
GSK3B,GSK3B,1.0,scaffold
HCK,HCK,1.0,scaffold
HIPK1,HIPK1,1.0,scaffold
HIPK2,HIPK2,1.0,scaffold
HIPK3,HIPK3,1.0,scaffold
HIPK4,HIPK4,1.0,scaffold
HPK1,HPK1,1.0,scaffold
HUNK,HUNK,1.0,scaffold
ICK,ICK,1.0,scaffold
IGF1R,IGF1R,1.0,scaffold
IKK-alpha,IKK-alpha,1.0,scaffold
IKK-beta,IKK-beta,1.0,scaffold
IKK-epsilon,IKK-epsilon,1.0,scaffold
INSR,INSR,1.0,scaffold
INSRR,INSRR,1.0,scaffold
IRAK1,IRAK1,1.0,scaffold
IRAK3,IRAK3,1.0,scaffold
IRAK4,IRAK4,1.0,scaffold
ITK,ITK,1.0,scaffold
JAK1(JH1domain-catalytic),JAK1(JH1domain-catalytic),1.0,scaffold
JAK1(JH2domain-pseudokinase),JAK1(JH1domain-catalytic),1.0,scaffold
JAK2(JH1domain-catalytic),JAK2(JH1domain-catalytic),1.0,scaffold
JAK3(JH1domain-catalytic),JAK3(JH1domain-catalytic),1.0,scaffold
JNK1,JNK1,1.0,scaffold
JNK2,JNK2,1.0,scaffold
JNK3,JNK3,1.0,scaffold
KIT,KIT,1.0,scaffold
KIT(A829P),KIT,1.0,scaffold
KIT(D816H),KIT,1.0,scaffold
KIT(D816V),KIT,1.0,scaffold
KIT(L576P),KIT,1.0,scaffold
KIT(V559D),KIT,1.0,scaffold
KIT(V559D-T670I),KIT,1.0,scaffold
KIT(V559D-V654A),KIT,1.0,scaffold
LATS1,LATS1,1.0,scaffold
LATS2,LATS2,1.0,scaffold
LCK,LCK,1.0,scaffold
LIMK1,LIMK1,1.0,scaffold
LIMK2,LIMK2,1.0,scaffold
LKB1,LKB1,1.0,scaffold
LOK,LOK,1.0,scaffold
LRRK2,LRRK2,1.0,scaffold
LRRK2(G2019S),LRRK2,1.0,scaffold
LTK,LTK,1.0,scaffold
LYN,LYN,1.0,scaffold
LZK,LZK,1.0,scaffold
MAK,MAK,1.0,scaffold
MAP3K1,MAP3K1,1.0,scaffold
MAP3K15,MAP3K15,1.0,scaffold
MAP3K2,MAP3K2,1.0,scaffold
MAP3K3,MAP3K3,1.0,scaffold
MAP3K4,MAP3K4,1.0,scaffold
MAP4K2,MAP4K2,1.0,scaffold
MAP4K3,MAP4K3,1.0,scaffold
MAP4K4,MAP4K4,1.0,scaffold
MAP4K5,MAP4K5,1.0,scaffold
MAPKAPK2,MAPKAPK2,1.0,scaffold
MAPKAPK5,MAPKAPK5,1.0,scaffold
MARK1,MARK1,1.0,scaffold
MARK2,MARK2,1.0,scaffold
MARK3,MARK3,1.0,scaffold
MARK4,MARK4,1.0,scaffold
MAST1,MAST1,1.0,scaffold
MEK1,MEK1,1.0,scaffold
MEK2,MEK2,1.0,scaffold
MEK3,MEK3,1.0,scaffold
MEK4,MEK4,1.0,scaffold
MEK5,MEK5,1.0,scaffold
MEK6,MEK6,1.0,scaffold
MELK,MELK,1.0,scaffold
MERTK,MERTK,1.0,scaffold
MET,MET,1.0,scaffold
MET(M1250T),MET,1.0,scaffold
MET(Y1235D),MET,1.0,scaffold
MINK,MINK,1.0,scaffold
MKK7,MKK7,1.0,scaffold
MKNK1,MKNK1,1.0,scaffold
MKNK2,MKNK2,1.0,scaffold
MLCK,MLCK,1.0,scaffold
MLK1,MLK1,1.0,scaffold
MLK2,MLK2,1.0,scaffold
MLK3,MLK3,1.0,scaffold
MRCKA,MRCKA,1.0,scaffold
MRCKB,MRCKB,1.0,scaffold
MST1,MST1,1.0,scaffold
MST1R,MST1R,1.0,scaffold
MST2,MST2,1.0,scaffold
MST3,MST3,1.0,scaffold
MST4,MST4,1.0,scaffold
MTOR,MTOR,1.0,scaffold
MUSK,MUSK,1.0,scaffold
MYLK,MYLK,1.0,scaffold
MYLK2,MYLK2,1.0,scaffold
MYLK4,MYLK4,1.0,scaffold
MYO3A,MYO3A,1.0,scaffold
MYO3B,MYO3B,1.0,scaffold
NDR1,NDR1,1.0,scaffold
NDR2,NDR2,1.0,scaffold
NEK1,NEK1,1.0,scaffold
NEK11,NEK11,1.0,scaffold
NEK2,NEK2,1.0,scaffold
NEK3,NEK3,1.0,scaffold
NEK4,NEK4,1.0,scaffold
NEK5,NEK5,1.0,scaffold
NEK6,NEK6,1.0,scaffold
NEK7,NEK7,1.0,scaffold
NEK9,NEK9,1.0,scaffold
NIM1,NIM1,1.0,scaffold
NLK,NLK,1.0,scaffold
OSR1,OSR1,1.0,scaffold
PAK1,PAK1,1.0,scaffold
PAK2,PAK2,1.0,scaffold
PAK3,PAK3,1.0,scaffold
PAK4,PAK4,1.0,scaffold
PAK6,PAK6,1.0,scaffold
PAK7,PAK7,1.0,scaffold
PCTK1,PCTK1,1.0,scaffold
PCTK2,PCTK2,1.0,scaffold
PCTK3,PCTK3,1.0,scaffold
PDGFRA,PDGFRA,1.0,scaffold
PDGFRB,PDGFRB,1.0,scaffold
PDPK1,PDPK1,1.0,scaffold
PFCDPK1(Pfalciparum),PFCDPK1(Pfalciparum),1.0,scaffold
PFPK5(Pfalciparum),PFPK5(Pfalciparum),1.0,scaffold
PFTAIRE2,PFTAIRE2,1.0,scaffold
PFTK1,PFTK1,1.0,scaffold
PHKG1,PHKG1,1.0,scaffold
PHKG2,PHKG2,1.0,scaffold
PIK3C2B,PIK3C2B,1.0,scaffold
PIK3C2G,PIK3C2G,1.0,scaffold
PIK3CA,PIK3CA,1.0,scaffold
PIK3CA(C420R),PIK3CA,1.0,scaffold
PIK3CA(E542K),PIK3CA,1.0,scaffold
PIK3CA(E545A),PIK3CA,1.0,scaffold
PIK3CA(E545K),PIK3CA,1.0,scaffold
PIK3CA(H1047L),PIK3CA,1.0,scaffold
PIK3CA(H1047Y),PIK3CA,1.0,scaffold
PIK3CA(I800L),PIK3CA,1.0,scaffold
PIK3CA(M1043I),PIK3CA,1.0,scaffold
PIK3CA(Q546K),PIK3CA,1.0,scaffold
PIK3CB,PIK3CB,1.0,scaffold
PIK3CD,PIK3CD,1.0,scaffold
PIK3CG,PIK3CG,1.0,scaffold
PIK4CB,PIK4CB,1.0,scaffold
PIM1,PIM1,1.0,scaffold
PIM2,PIM2,1.0,scaffold
PIM3,PIM3,1.0,scaffold
PIP5K1A,PIP5K1A,1.0,scaffold
PIP5K1C,PIP5K1C,1.0,scaffold
PIP5K2B,PIP5K2B,1.0,scaffold
PIP5K2C,PIP5K2C,1.0,scaffold
PKAC-alpha,PKAC-alpha,1.0,scaffold
PKAC-beta,PKAC-beta,1.0,scaffold
PKMYT1,PKMYT1,1.0,scaffold
PKN1,PKN1,1.0,scaffold
PKN2,PKN2,1.0,scaffold
PKNB(Mtuberculosis),PKNB(Mtuberculosis),1.0,scaffold
PLK1,PLK1,1.0,scaffold
PLK2,PLK2,1.0,scaffold
PLK3,PLK3,1.0,scaffold
PLK4,PLK4,1.0,scaffold
PRKCD,PRKCD,1.0,scaffold
PRKCE,PRKCE,1.0,scaffold
PRKCH,PRKCH,1.0,scaffold
PRKCI,PRKCI,1.0,scaffold
PRKCQ,PRKCQ,1.0,scaffold
PRKD1,PRKD1,1.0,scaffold
PRKD2,PRKD2,1.0,scaffold
PRKD3,PRKD3,1.0,scaffold
PRKG1,PRKG1,1.0,scaffold
PRKG2,PRKG2,1.0,scaffold
PRKR,PRKR,1.0,scaffold
PRKX,PRKX,1.0,scaffold
PRP4,PRP4,1.0,scaffold
PYK2,PYK2,1.0,scaffold
QSK,QSK,1.0,scaffold
RAF1,RAF1,1.0,scaffold
RET,RET,1.0,scaffold
RET(M918T),RET,1.0,scaffold
RET(V804L),RET,1.0,scaffold
RET(V804M),RET,1.0,scaffold
RIOK1,RIOK1,1.0,scaffold
RIOK2,RIOK2,1.0,scaffold
RIOK3,RIOK3,1.0,scaffold
RIPK1,RIPK1,1.0,scaffold
RIPK2,RIPK2,1.0,scaffold
RIPK4,RIPK4,1.0,scaffold
RIPK5,RIPK5,1.0,scaffold
ROCK1,ROCK1,1.0,scaffold
ROCK2,ROCK2,1.0,scaffold
ROS1,ROS1,1.0,scaffold
RPS6KA4(KinDom.1-N-terminal),RPS6KA4(KinDom.1-N-terminal),1.0,scaffold
RPS6KA4(KinDom.2-C-terminal),RPS6KA4(KinDom.1-N-terminal),1.0,scaffold
RPS6KA5(KinDom.1-N-terminal),RPS6KA5(KinDom.1-N-terminal),1.0,scaffold
RPS6KA5(KinDom.2-C-terminal),RPS6KA5(KinDom.1-N-terminal),1.0,scaffold
RSK1(KinDom.1-N-terminal),RSK1(KinDom.1-N-terminal),1.0,scaffold
RSK1(KinDom.2-C-terminal),RSK1(KinDom.1-N-terminal),1.0,scaffold
RSK2(KinDom.1-N-terminal),RSK2(KinDom.1-N-terminal),1.0,scaffold
RSK3(KinDom.1-N-terminal),RSK3(KinDom.1-N-terminal),1.0,scaffold
RSK3(KinDom.2-C-terminal),RSK3(KinDom.1-N-terminal),1.0,scaffold
RSK4(KinDom.1-N-terminal),RSK4(KinDom.1-N-terminal),1.0,scaffold
RSK4(KinDom.2-C-terminal),RSK4(KinDom.1-N-terminal),1.0,scaffold
S6K1,S6K1,1.0,scaffold
SBK1,SBK1,1.0,scaffold
SGK3,SGK3,1.0,scaffold
SIK,SIK,1.0,scaffold
SIK2,SIK2,1.0,scaffold
SLK,SLK,1.0,scaffold
SNARK,SNARK,1.0,scaffold
SNRK,SNRK,1.0,scaffold
SRC,SRC,1.0,scaffold
SRMS,SRMS,1.0,scaffold
SRPK1,SRPK1,1.0,scaffold
SRPK2,SRPK2,1.0,scaffold
SRPK3,SRPK3,1.0,scaffold
STK16,STK16,1.0,scaffold
STK33,STK33,1.0,scaffold
STK35,STK35,1.0,scaffold
STK36,STK36,1.0,scaffold
STK39,STK39,1.0,scaffold
SYK,SYK,1.0,scaffold
SgK110,SgK110,1.0,scaffold
TAK1,TAK1,1.0,scaffold
TAOK1,TAOK1,1.0,scaffold
TAOK2,TAOK2,1.0,scaffold
TAOK3,TAOK3,1.0,scaffold
TBK1,TBK1,1.0,scaffold
TEC,TEC,1.0,scaffold
TESK1,TESK1,1.0,scaffold
TGFBR1,TGFBR1,1.0,scaffold
TGFBR2,TGFBR2,1.0,scaffold
TIE1,TIE1,1.0,scaffold
TIE2,TIE2,1.0,scaffold
TLK1,TLK1,1.0,scaffold
TLK2,TLK2,1.0,scaffold
TNIK,TNIK,1.0,scaffold
TNK1,TNK1,1.0,scaffold
TNK2,TNK2,1.0,scaffold
TNNI3K,TNNI3K,1.0,scaffold
TRKA,TRKA,1.0,scaffold
TRKB,TRKB,1.0,scaffold
TRKC,TRKC,1.0,scaffold
TRPM6,TRPM6,1.0,scaffold
TSSK1B,TSSK1B,1.0,scaffold
TTK,TTK,1.0,scaffold
TXK,TXK,1.0,scaffold
TYK2(JH1domain-catalytic),TYK2(JH1domain-catalytic),1.0,scaffold
TYK2(JH2domain-pseudokinase),TYK2(JH1domain-catalytic),1.0,scaffold
TYRO3,TYRO3,1.0,scaffold
ULK1,ULK1,1.0,scaffold
ULK2,ULK2,1.0,scaffold
ULK3,ULK3,1.0,scaffold
VEGFR2,VEGFR2,1.0,scaffold
VRK2,VRK2,1.0,scaffold
WEE1,WEE1,1.0,scaffold
WEE2,WEE2,1.0,scaffold
YANK1,YANK1,1.0,scaffold
YANK2,YANK2,1.0,scaffold
YANK3,YANK3,1.0,scaffold
YES,YES,1.0,scaffold
YSK1,YSK1,1.0,scaffold
YSK4,YSK4,1.0,scaffold
ZAK,ZAK,1.0,scaffold
ZAP70,ZAP70,1.0,scaffold
p38-alpha,p38-alpha,1.0,scaffold
p38-beta,p38-beta,1.0,scaffold
p38-delta,p38-delta,1.0,scaffold
p38-gamma,p38-gamma,1.0,scaffold
ACVR2A,TGFBR2,0.3066202090592334,sequence_identity
ACVR2B,TGFBR2,0.3078260869565217,sequence_identity
AMPK-alpha1,ARK5,0.2854984894259819,sequence_identity
AMPK-alpha2,ARK5,0.2870090634441087,sequence_identity
AURKB,AURKA,0.5346534653465347,sequence_identity
AURKC,AURKA,0.5037220843672456,sequence_identity
BRAF,RAF1,0.4902470741222366,sequence_identity
BRAF(V600E),RAF1,0.4902470741222366,sequence_identity
BRK,SRMS,0.4202020202020202,sequence_identity
CAMK1,CAMK1G,0.502092050209205,sequence_identity
CAMK1D,CAMK1G,0.5439330543933054,sequence_identity
CASK,CAMK2B,0.2615715823466092,sequence_identity
CDK2,CDK4-cyclinD1,0.4340836012861736,sequence_identity
CDK3,CDK4-cyclinD1,0.4339622641509434,sequence_identity
CDK5,CDK4-cyclinD1,0.4318181818181818,sequence_identity
CDKL2,CDKL1,0.3914807302231237,sequence_identity
CDKL3,CDKL1,0.2917369308600337,sequence_identity
CDKL5,ERK5,0.2090656799259944,sequence_identity
CHEK1,CAMK2G,0.2370766488413547,sequence_identity
CIT,MRCKB,0.2392909896602658,sequence_identity
CSNK1A1,CSNK1D,0.5555555555555556,sequence_identity
CSNK1A1L,CSNK1D,0.5319148936170213,sequence_identity
CSNK1G1,CSNK1E,0.4185022026431718,sequence_identity
CSNK1G2,CSNK1D,0.4210526315789473,sequence_identity
CSNK1G3,CSNK1E,0.4317180616740088,sequence_identity
DMPK2,MRCKA,0.4399770246984492,sequence_identity
EPHB4,EPHB3,0.5442043222003929,sequence_identity
FLT4,VEGFR2,0.4267148014440433,sequence_identity
HIPK3,HIPK4,0.2101390024529844,sequence_identity
ICK,ERK8,0.2588055130168453,sequence_identity
ITK,TEC,0.5813586097946287,sequence_identity
LIMK1,LIMK2,0.5255255255255256,sequence_identity
MAK,ERK8,0.2593167701863354,sequence_identity
MAP3K1,ASK2,0.1810971579643093,sequence_identity
MAP4K4,MAP4K3,0.2351097178683385,sequence_identity
MAST1,ABL1,0.1852323360916613,sequence_identity
MINK,MAP4K5,0.2275449101796407,sequence_identity
MLK2,MLK3,0.4565883554647599,sequence_identity
MTOR,MRCKB,0.1698705374656728,sequence_identity
MYLK4,DAPK2,0.3215859030837004,sequence_identity
NEK6,PIM2,0.2727272727272727,sequence_identity
NEK7,PIM2,0.2763975155279503,sequence_identity
PDGFRB,PDGFRA,0.3588129496402877,sequence_identity
PFPK5(Pfalciparum),CDK4-cyclinD1,0.4267100977198697,sequence_identity
PIK3CB,PIK3CD,0.5655813953488372,sequence_identity
PKN1,PRKCQ,0.270042194092827,sequence_identity
PRKCI,PRKCE,0.3435419440745672,sequence_identity
PRKG1,PRKG2,0.4777486910994764,sequence_identity
PRKX,PKAC-alpha,0.494413407821229,sequence_identity
RIPK1,RIPK4,0.2355889724310776,sequence_identity
ROS1,IGF1R,0.1914893617021276,sequence_identity
SIK,SIK2,0.4273504273504273,sequence_identity
SNRK,MARK4,0.2790123456790123,sequence_identity
TIE1,TIE2,0.4472789115646258,sequence_identity
TNIK,MYO3A,0.2270203578038248,sequence_identity
TNNI3K,PRKCH,0.2061978545887962,sequence_identity
WEE2,WEE1,0.4207317073170731,sequence_identity
YSK4,MAP3K4,0.1982651796778191,sequence_identity
ZAP70,SYK,0.5237366003062787,sequence_identity
