target_id,sequence_identity_cluster
AAK1,cluster_065
ABL1,cluster_000
ABL1(E255K),cluster_000
ABL1(F317I),cluster_000
ABL1(F317I)p,cluster_000
ABL1(F317L),cluster_000
ABL1(F317L)p,cluster_000
ABL1(H396P),cluster_000
ABL1(H396P)p,cluster_000
ABL1(M351T),cluster_000
ABL1(Q252H),cluster_000
ABL1(Q252H)p,cluster_000
ABL1(T315I),cluster_000
ABL1(T315I)p,cluster_000
ABL1(Y253F),cluster_000
ABL1p,cluster_000
ABL2,cluster_066
ACVR1,cluster_067
ACVR1B,cluster_024
ACVR2A,cluster_025
ACVR2B,cluster_025
ACVRL1,cluster_068
ADCK3,cluster_069
ADCK4,cluster_070
AKT1,cluster_013
AKT2,cluster_013
AKT3,cluster_013
ALK,cluster_071
AMPK-alpha1,cluster_026
AMPK-alpha2,cluster_026
ANKK1,cluster_072
ARK5,cluster_073
ASK1,cluster_074
ASK2,cluster_075
AURKA,cluster_076
AURKB,cluster_027
AURKC,cluster_027
AXL,cluster_077
BIKE,cluster_078
BLK,cluster_079
BMPR1A,cluster_028
BMPR1B,cluster_028
BMPR2,cluster_080
BMX,cluster_081
BRAF,cluster_029
BRAF(V600E),cluster_029
BRK,cluster_082
BRSK1,cluster_030
BRSK2,cluster_030
BTK,cluster_083
CAMK1,cluster_031
CAMK1D,cluster_031
CAMK1G,cluster_084
CAMK2A,cluster_006
CAMK2B,cluster_006
CAMK2D,cluster_006
CAMK2G,cluster_006
CAMK4,cluster_085
CAMKK1,cluster_086
CAMKK2,cluster_087
CASK,cluster_088
CDC2L1,cluster_032
CDC2L2,cluster_032
CDC2L5,cluster_089
CDK11,cluster_033
CDK2,cluster_014
CDK3,cluster_014
CDK4-cyclinD1,cluster_034
CDK4-cyclinD3,cluster_034
CDK5,cluster_090
CDK7,cluster_091
CDK8,cluster_033
CDK9,cluster_092
CDKL1,cluster_093
CDKL2,cluster_094
CDKL3,cluster_095
CDKL5,cluster_096
CHEK1,cluster_097
CHEK2,cluster_098
CIT,cluster_099
CLK1,cluster_035
CLK2,cluster_100
CLK3,cluster_101
CLK4,cluster_035
CSF1R,cluster_102
CSK,cluster_103
CSNK1A1,cluster_036
CSNK1A1L,cluster_036
CSNK1D,cluster_037
CSNK1E,cluster_037
CSNK1G1,cluster_015
CSNK1G2,cluster_015
CSNK1G3,cluster_015
CSNK2A1,cluster_038
CSNK2A2,cluster_038
CTK,cluster_104
DAPK1,cluster_105
DAPK2,cluster_106
DAPK3,cluster_107
DCAMKL1,cluster_039
DCAMKL2,cluster_039
DCAMKL3,cluster_108
DDR1,cluster_109
DDR2,cluster_110
DLK,cluster_111
DMPK,cluster_112
DMPK2,cluster_113
DRAK1,cluster_114
DRAK2,cluster_115
DYRK1A,cluster_116
DYRK1B,cluster_117
DYRK2,cluster_118
EGFR,cluster_001
EGFR(E746A750del),cluster_001
EGFR(G719C),cluster_001
EGFR(G719S),cluster_001
EGFR(L747E749del),cluster_001
EGFR(L747S752del),cluster_001
EGFR(L747T751del),cluster_001
EGFR(L858R),cluster_001
EGFR(L858RT790M),cluster_001
EGFR(L861Q),cluster_001
EGFR(S752I759del),cluster_001
EGFR(T790M),cluster_001
EIF2AK1,cluster_119
EPHA1,cluster_120
EPHA2,cluster_121
EPHA3,cluster_007
EPHA4,cluster_007
EPHA5,cluster_007
EPHA6,cluster_122
EPHA7,cluster_007
EPHA8,cluster_123
EPHB1,cluster_040
EPHB2,cluster_124
EPHB3,cluster_040
EPHB4,cluster_125
EPHB6,cluster_126
ERBB2,cluster_127
ERBB3,cluster_128
ERBB4,cluster_129
ERK1,cluster_041
ERK2,cluster_041
ERK3,cluster_130
ERK4,cluster_131
ERK5,cluster_132
ERK8,cluster_133
ERN1,cluster_134
FAK,cluster_135
FER,cluster_136
FES,cluster_137
FGFR1,cluster_042
FGFR2,cluster_042
FGFR3,cluster_043
FGFR3(G697C),cluster_043
FGFR4,cluster_138
FGR,cluster_008
FLT1,cluster_139
FLT3,cluster_004
FLT3(D835H),cluster_004
FLT3(D835Y),cluster_004
FLT3(ITD),cluster_004
FLT3(K663Q),cluster_004
FLT3(N841I),cluster_004
FLT3(R834Q),cluster_004
FLT4,cluster_140
FRK,cluster_141
FYN,cluster_008
GAK,cluster_142
GCN2(KinDom2S808G),cluster_143
GRK1,cluster_144
GRK4,cluster_145
GRK7,cluster_146
GSK3A,cluster_044
GSK3B,cluster_044
HCK,cluster_016
HIPK1,cluster_045
HIPK2,cluster_045
HIPK3,cluster_147
HIPK4,cluster_148
HPK1,cluster_149
HUNK,cluster_150
ICK,cluster_151
IGF1R,cluster_152
IKK-alpha,cluster_153
IKK-beta,cluster_154
IKK-epsilon,cluster_155
INSR,cluster_156
INSRR,cluster_157
IRAK1,cluster_158
IRAK3,cluster_159
IRAK4,cluster_160
ITK,cluster_161
JAK1(JH1domain-catalytic),cluster_046
JAK1(JH2domain-pseudokinase),cluster_046
JAK2(JH1domain-catalytic),cluster_162
JAK3(JH1domain-catalytic),cluster_163
JNK1,cluster_017
JNK2,cluster_017
JNK3,cluster_017
KIT,cluster_003
KIT(A829P),cluster_003
KIT(D816H),cluster_003
KIT(D816V),cluster_003
KIT(L576P),cluster_003
KIT(V559D),cluster_003
KIT(V559D-T670I),cluster_003
KIT(V559D-V654A),cluster_003
LATS1,cluster_164
LATS2,cluster_165
LCK,cluster_016
LIMK1,cluster_166
LIMK2,cluster_167
LKB1,cluster_168
LOK,cluster_169
LRRK2,cluster_047
LRRK2(G2019S),cluster_047
LTK,cluster_170
LYN,cluster_016
LZK,cluster_171
MAK,cluster_172
MAP3K1,cluster_173
MAP3K15,cluster_174
MAP3K2,cluster_048
MAP3K3,cluster_048
MAP3K4,cluster_175
MAP4K2,cluster_176
MAP4K3,cluster_049
MAP4K4,cluster_018
MAP4K5,cluster_049
MAPKAPK2,cluster_177
MAPKAPK5,cluster_178
MARK1,cluster_009
MARK2,cluster_009
MARK3,cluster_009
MARK4,cluster_009
MAST1,cluster_179
MEK1,cluster_050
MEK2,cluster_050
MEK3,cluster_051
MEK4,cluster_180
MEK5,cluster_181
MEK6,cluster_051
MELK,cluster_182
MERTK,cluster_183
MET,cluster_019
MET(M1250T),cluster_019
MET(Y1235D),cluster_019
MINK,cluster_018
MKK7,cluster_184
MKNK1,cluster_185
MKNK2,cluster_186
MLCK,cluster_187
MLK1,cluster_188
MLK2,cluster_189
MLK3,cluster_190
MRCKA,cluster_052
MRCKB,cluster_052
MST1,cluster_053
MST1R,cluster_191
MST2,cluster_053
MST3,cluster_020
MST4,cluster_020
MTOR,cluster_192
MUSK,cluster_193
MYLK,cluster_194
MYLK2,cluster_195
MYLK4,cluster_196
MYO3A,cluster_197
MYO3B,cluster_198
NDR1,cluster_054
NDR2,cluster_054
NEK1,cluster_199
NEK11,cluster_200
NEK2,cluster_201
NEK3,cluster_202
NEK4,cluster_203
NEK5,cluster_204
NEK6,cluster_055
NEK7,cluster_055
NEK9,cluster_205
NIM1,cluster_206
NLK,cluster_207
OSR1,cluster_056
PAK1,cluster_021
PAK2,cluster_021
PAK3,cluster_021
PAK4,cluster_208
PAK6,cluster_209
PAK7,cluster_210
PCTK1,cluster_022
PCTK2,cluster_022
PCTK3,cluster_022
PDGFRA,cluster_211
PDGFRB,cluster_212
PDPK1,cluster_213
PFCDPK1(Pfalciparum),cluster_214
PFPK5(Pfalciparum),cluster_014
PFTAIRE2,cluster_215
PFTK1,cluster_216
PHKG1,cluster_217
PHKG2,cluster_218
PIK3C2B,cluster_219
PIK3C2G,cluster_220
PIK3CA,cluster_002
PIK3CA(C420R),cluster_002
PIK3CA(E542K),cluster_002
PIK3CA(E545A),cluster_002
PIK3CA(E545K),cluster_002
PIK3CA(H1047L),cluster_002
PIK3CA(H1047Y),cluster_002
PIK3CA(I800L),cluster_002
PIK3CA(M1043I),cluster_002
PIK3CA(Q546K),cluster_002
PIK3CB,cluster_221
PIK3CD,cluster_222
PIK3CG,cluster_223
PIK4CB,cluster_224
PIM1,cluster_225
PIM2,cluster_226
PIM3,cluster_227
PIP5K1A,cluster_228
PIP5K1C,cluster_229
PIP5K2B,cluster_057
PIP5K2C,cluster_057
PKAC-alpha,cluster_058
PKAC-beta,cluster_058
PKMYT1,cluster_230
PKN1,cluster_231
PKN2,cluster_232
PKNB(Mtuberculosis),cluster_233
PLK1,cluster_234
PLK2,cluster_235
PLK3,cluster_236
PLK4,cluster_237
PRKCD,cluster_059
PRKCE,cluster_060
PRKCH,cluster_060
PRKCI,cluster_238
PRKCQ,cluster_059
PRKD1,cluster_023
PRKD2,cluster_023
PRKD3,cluster_023
PRKG1,cluster_239
PRKG2,cluster_240
PRKR,cluster_241
PRKX,cluster_242
PRP4,cluster_243
PYK2,cluster_244
QSK,cluster_245
RAF1,cluster_246
RET,cluster_010
RET(M918T),cluster_010
RET(V804L),cluster_010
RET(V804M),cluster_010
RIOK1,cluster_247
RIOK2,cluster_248
RIOK3,cluster_249
RIPK1,cluster_250
RIPK2,cluster_251
RIPK4,cluster_252
RIPK5,cluster_253
ROCK1,cluster_254
ROCK2,cluster_255
ROS1,cluster_256
RPS6KA4(KinDom.1-N-terminal),cluster_011
RPS6KA4(KinDom.2-C-terminal),cluster_011
RPS6KA5(KinDom.1-N-terminal),cluster_011
RPS6KA5(KinDom.2-C-terminal),cluster_011
RSK1(KinDom.1-N-terminal),cluster_005
RSK1(KinDom.2-C-terminal),cluster_005
RSK2(KinDom.1-N-terminal),cluster_005
RSK3(KinDom.1-N-terminal),cluster_005
RSK3(KinDom.2-C-terminal),cluster_005
RSK4(KinDom.1-N-terminal),cluster_005
RSK4(KinDom.2-C-terminal),cluster_005
S6K1,cluster_257
SBK1,cluster_258
SGK3,cluster_259
SIK,cluster_260
SIK2,cluster_261
SLK,cluster_262
SNARK,cluster_263
SNRK,cluster_264
SRC,cluster_008
SRMS,cluster_265
SRPK1,cluster_266
SRPK2,cluster_267
SRPK3,cluster_268
STK16,cluster_269
STK33,cluster_270
STK35,cluster_271
STK36,cluster_272
STK39,cluster_056
SYK,cluster_273
SgK110,cluster_274
TAK1,cluster_275
TAOK1,cluster_061
TAOK2,cluster_276
TAOK3,cluster_061
TBK1,cluster_277
TEC,cluster_278
TESK1,cluster_279
TGFBR1,cluster_024
TGFBR2,cluster_280
TIE1,cluster_281
TIE2,cluster_282
TLK1,cluster_062
TLK2,cluster_062
TNIK,cluster_018
TNK1,cluster_283
TNK2,cluster_284
TNNI3K,cluster_285
TRKA,cluster_286
TRKB,cluster_287
TRKC,cluster_288
TRPM6,cluster_289
TSSK1B,cluster_290
TTK,cluster_291
TXK,cluster_292
TYK2(JH1domain-catalytic),cluster_063
TYK2(JH2domain-pseudokinase),cluster_063
TYRO3,cluster_293
ULK1,cluster_294
ULK2,cluster_295
ULK3,cluster_296
VEGFR2,cluster_297
VRK2,cluster_298
WEE1,cluster_299
WEE2,cluster_300
YANK1,cluster_064
YANK2,cluster_064
YANK3,cluster_301
YES,cluster_008
YSK1,cluster_020
YSK4,cluster_302
ZAK,cluster_303
ZAP70,cluster_304
p38-alpha,cluster_012
p38-beta,cluster_012
p38-delta,cluster_012
p38-gamma,cluster_012
